INSERT INTO db_springproject.area (area_id, city, country) VALUES (2, '부산', '한국');
INSERT INTO db_springproject.area (area_id, city, country) VALUES (3, '인천', '한국');
INSERT INTO db_springproject.area (area_id, city, country) VALUES (4, '경기', '한국');
INSERT INTO db_springproject.area (area_id, city, country) VALUES (5, '연천', '한국');
INSERT INTO db_springproject.area (area_id, city, country) VALUES (6, '강원', '한국');
INSERT INTO db_springproject.area (area_id, city, country) VALUES (7, '서울', '한국');

INSERT INTO db_springproject.attractiontype (attraction_type_id, type) VALUES (1, '모험');
INSERT INTO db_springproject.attractiontype (attraction_type_id, type) VALUES (2, '무협');
INSERT INTO db_springproject.attractiontype (attraction_type_id, type) VALUES (3, '호러');
INSERT INTO db_springproject.attractiontype (attraction_type_id, type) VALUES (4, '액션');
INSERT INTO db_springproject.attractiontype (attraction_type_id, type) VALUES (5, '힐링');
INSERT INTO db_springproject.attractiontype (attraction_type_id, type) VALUES (6, '휴양');
INSERT INTO db_springproject.attractiontype (attraction_type_id, type) VALUES (7, '박물관');
INSERT INTO db_springproject.attractiontype (attraction_type_id, type) VALUES (8, '스릴');

INSERT INTO db_springproject.paymenttype (payment_type_id, type) VALUES (1, '카드');
INSERT INTO db_springproject.paymenttype (payment_type_id, type) VALUES (2, '삼성페이');
INSERT INTO db_springproject.paymenttype (payment_type_id, type) VALUES (3, '현금');
INSERT INTO db_springproject.paymenttype (payment_type_id, type) VALUES (4, '카카오페이');

INSERT INTO db_springproject.attraction (attraction_id, avgrate, closetime, explanation, name, opentime, price, area_id) VALUES (1, 0, '18:00:00', '휴양지 1입니다.', '휴양지1', '09:00:00', 10000, 2);
INSERT INTO db_springproject.attraction (attraction_id, avgrate, closetime, explanation, name, opentime, price, area_id) VALUES (2, 0, '18:10:00', '휴양지 2입니다.', '휴양지2', '09:10:00', 20000, 3);
INSERT INTO db_springproject.attraction (attraction_id, avgrate, closetime, explanation, name, opentime, price, area_id) VALUES (3, 0, '18:30:00', '휴양지 3입니다.', '휴양지3', '09:30:00', 30000, 4);
INSERT INTO db_springproject.attraction (attraction_id, avgrate, closetime, explanation, name, opentime, price, area_id) VALUES (4, 0, '17:00:00', '스릴 1입니다.', '스릴1', '08:00:00', 10000, 5);
INSERT INTO db_springproject.attraction (attraction_id, avgrate, closetime, explanation, name, opentime, price, area_id) VALUES (5, 0, '18:30:00', '스릴 2입니다.', '스릴2', '09:20:00', 29000, 6);
INSERT INTO db_springproject.attraction (attraction_id, avgrate, closetime, explanation, name, opentime, price, area_id) VALUES (6, 0, '16:30:00', '스릴 3입니다.', '스릴3', '07:30:00', 22000, 7);
INSERT INTO db_springproject.attraction (attraction_id, avgrate, closetime, explanation, name, opentime, price, area_id) VALUES (7, 0, '18:00:00', '힐링 1입니다.', '힐링1', '05:40:00', 26000, 2);
INSERT INTO db_springproject.attraction (attraction_id, avgrate, closetime, explanation, name, opentime, price, area_id) VALUES (8, 0, '18:00:00', '힐링 2입니다.', '힐링2', '09:00:00', 12000, 4);
INSERT INTO db_springproject.attraction (attraction_id, avgrate, closetime, explanation, name, opentime, price, area_id) VALUES (9, 0, '18:00:00', '힐링 3입니다.', '힐링3', '09:00:00', 24000, 5);
INSERT INTO db_springproject.attraction (attraction_id, avgrate, closetime, explanation, name, opentime, price, area_id) VALUES (10, 0, '18:00:00', '박물관 1입니다.', '박물관1', '09:00:00', 5000, 2);
INSERT INTO db_springproject.attraction (attraction_id, avgrate, closetime, explanation, name, opentime, price, area_id) VALUES (11, 0, '18:00:00', '박물관 2입니다.', '박물관2', '09:00:00', 32000, 5);
INSERT INTO db_springproject.attraction (attraction_id, avgrate, closetime, explanation, name, opentime, price, area_id) VALUES (12, 0, '18:00:00', '박물관 3입니다.', '박물관3', '09:00:00', 23000, 6);
INSERT INTO db_springproject.attraction (attraction_id, avgrate, closetime, explanation, name, opentime, price, area_id) VALUES (13, 0, '19:03:00', '관광지 1번입니다.2', '관광지1', '10:05:00', 33000, 6);
INSERT INTO db_springproject.attraction (attraction_id, avgrate, closetime, explanation, name, opentime, price, area_id) VALUES (14, 0, '18:00:00', '부산에 있는 해운대입니다', '해운대', '09:00:00', 10000, 2);

-- 전부 비밀 번호는 123412341234 (테스트용 데이터)
INSERT INTO db_springproject.user (user_id, birth_date, grade, pass, user_login_id, user_type, attraction_id) VALUES (1, '2024-12-16', 'bronze', '$2a$10$FX9.McsR2Y0HRdmTBa0vwO2p.toPO/3BRCMAv8cGdA6SCrpUNaNFa', 'user1', 'nomal', null);
INSERT INTO db_springproject.user (user_id, birth_date, grade, pass, user_login_id, user_type, attraction_id) VALUES (2, '2017-06-22', 'bronze', '$2a$10$DLomngouIruDx6fNKfgMa.avdiVUlP1LeBW/dwMRwp9COed40wzay', 'attraction1', 'attraction', 1);
INSERT INTO db_springproject.user (user_id, birth_date, grade, pass, user_login_id, user_type, attraction_id) VALUES (3, '2013-07-18', 'bronze', '$2a$10$wLGkrf77d9HTnSvm38uXcuP8ogC9WiJqMFW2HpB3FtNwlsvJwEBZq', 'manager1', 'manager', null);
INSERT INTO db_springproject.user (user_id, birth_date, grade, pass, user_login_id, user_type, attraction_id) VALUES (4, '2000-06-15', 'bronze', '$2a$10$58h0sOqigQooYGFmlHcMnOK2OiH7S057rObz/WbVSS0HXYusdPYuC', 'attraction2', 'attraction', 2);
INSERT INTO db_springproject.user (user_id, birth_date, grade, pass, user_login_id, user_type, attraction_id) VALUES (5, '2024-12-16', 'bronze', '$2a$10$33SsOgTAPpVlADfs5XZ9fOBAd7xJCI9SxP/DQ89RduNwoQFZl7/tu', 'attraction3', 'attraction', 3);
INSERT INTO db_springproject.user (user_id, birth_date, grade, pass, user_login_id, user_type, attraction_id) VALUES (6, '2024-12-23', 'bronze', '$2a$10$/ttKHcWr.t7xqGH2nsor3O8XuCKTOrs9P4O3rq7w/XZMOSWv4OOu6', 'attraction4', 'attraction', 4);
INSERT INTO db_springproject.user (user_id, birth_date, grade, pass, user_login_id, user_type, attraction_id) VALUES (7, '2024-12-29', 'bronze', '$2a$10$10xn/VjOvJ1Z4eyZbH6ZTetC/P8.tAicmx6q7T6S77xKqh0Xw7FjK', 'attraction5', 'attraction', 5);
INSERT INTO db_springproject.user (user_id, birth_date, grade, pass, user_login_id, user_type, attraction_id) VALUES (8, '2024-12-31', 'bronze', '$2a$10$M6CwM8hGzoQV9dxPy7z2eeq1JRDa5lBWZ60YfO.NN.h.sg80V3ama', 'attraction6', 'attraction', 6);
INSERT INTO db_springproject.user (user_id, birth_date, grade, pass, user_login_id, user_type, attraction_id) VALUES (9, '2024-12-31', 'bronze', '$2a$10$5uFPCgFtSC9L01FIiVJUm.cdO7tlvMYHfz2pWPEsT5NRMeM.tOJWq', 'attraction7', 'attraction', 7);
INSERT INTO db_springproject.user (user_id, birth_date, grade, pass, user_login_id, user_type, attraction_id) VALUES (10, '2024-12-26', 'bronze', '$2a$10$HM6thpc.KohmO0Aqf4sZaOyl.WbKh9Ivo1mIoRpufXote/ZU35vX6', 'attraction8', 'attraction', 8);
INSERT INTO db_springproject.user (user_id, birth_date, grade, pass, user_login_id, user_type, attraction_id) VALUES (11, '2024-12-24', 'bronze', '$2a$10$FLNWIbgLOFBC88w5yZTbcOGdQbE/HVd2/0nqCv0b4ScpZgqG6v9Oq', 'attraction9', 'attraction', 9);
INSERT INTO db_springproject.user (user_id, birth_date, grade, pass, user_login_id, user_type, attraction_id) VALUES (12, '2024-12-08', 'bronze', '$2a$10$K4aAkab/SFbQQEaw8Vob/uSK7sjDXFgCs6kFuaevgq4fwFwLI9cF2', 'attraction10', 'attraction', 10);
INSERT INTO db_springproject.user (user_id, birth_date, grade, pass, user_login_id, user_type, attraction_id) VALUES (13, '2024-12-09', 'bronze', '$2a$10$Z1SiaYXLMlik.0vKBknoaeEZySmQp9bPYZLrkgAMFEYTLSlKH0bSq', 'attraction11', 'attraction', 11);
INSERT INTO db_springproject.user (user_id, birth_date, grade, pass, user_login_id, user_type, attraction_id) VALUES (14, '2024-12-08', 'bronze', '$2a$10$N7JxfqI9/AAA99IBNZxlaevodYK6bnknlvcTGp3dIwcHsAiiFWdIa', 'attraction12', 'attraction', 12);
INSERT INTO db_springproject.user (user_id, birth_date, grade, pass, user_login_id, user_type, attraction_id) VALUES (15, '2024-12-23', 'bronze', '$2a$10$sVJkqTU6fs1jU3iuhQTID.hAAnZeVQp99VGijfMhwDZJO0cXHaQGW', 'user2', 'nomal', null);
INSERT INTO db_springproject.user (user_id, birth_date, grade, pass, user_login_id, user_type, attraction_id) VALUES (16, '2024-12-02', 'bronze', '$2a$10$QBtpypSuUhqkZfWarp5YvOSxuVTe7Xj81WbkDLpOnFeywpLYSkCX6', 'attraction13', 'attraction', 13);
INSERT INTO db_springproject.user (user_id, birth_date, grade, pass, user_login_id, user_type, attraction_id) VALUES (17, '2018-07-25', 'bronze', '$2a$10$0I5UOPTX9tMjjq1vwlTjoOn9ztrg4eO7cXuU3wp7tvit6AnSSsh3i', 'attraction14', 'attraction', 14);

INSERT INTO db_springproject.attractiontypelist (id, attraction_id, attraction_type_id) VALUES (1, 1, 1);
INSERT INTO db_springproject.attractiontypelist (id, attraction_id, attraction_type_id) VALUES (2, 1, 2);
INSERT INTO db_springproject.attractiontypelist (id, attraction_id, attraction_type_id) VALUES (3, 1, 3);
INSERT INTO db_springproject.attractiontypelist (id, attraction_id, attraction_type_id) VALUES (4, 2, 2);
INSERT INTO db_springproject.attractiontypelist (id, attraction_id, attraction_type_id) VALUES (5, 2, 3);
INSERT INTO db_springproject.attractiontypelist (id, attraction_id, attraction_type_id) VALUES (6, 2, 4);
INSERT INTO db_springproject.attractiontypelist (id, attraction_id, attraction_type_id) VALUES (7, 3, 3);
INSERT INTO db_springproject.attractiontypelist (id, attraction_id, attraction_type_id) VALUES (8, 3, 4);
INSERT INTO db_springproject.attractiontypelist (id, attraction_id, attraction_type_id) VALUES (9, 3, 5);
INSERT INTO db_springproject.attractiontypelist (id, attraction_id, attraction_type_id) VALUES (10, 4, 4);
INSERT INTO db_springproject.attractiontypelist (id, attraction_id, attraction_type_id) VALUES (11, 4, 5);
INSERT INTO db_springproject.attractiontypelist (id, attraction_id, attraction_type_id) VALUES (12, 4, 6);
INSERT INTO db_springproject.attractiontypelist (id, attraction_id, attraction_type_id) VALUES (13, 5, 5);
INSERT INTO db_springproject.attractiontypelist (id, attraction_id, attraction_type_id) VALUES (14, 5, 6);
INSERT INTO db_springproject.attractiontypelist (id, attraction_id, attraction_type_id) VALUES (15, 5, 7);
INSERT INTO db_springproject.attractiontypelist (id, attraction_id, attraction_type_id) VALUES (16, 6, 4);
INSERT INTO db_springproject.attractiontypelist (id, attraction_id, attraction_type_id) VALUES (17, 6, 6);
INSERT INTO db_springproject.attractiontypelist (id, attraction_id, attraction_type_id) VALUES (18, 6, 8);
INSERT INTO db_springproject.attractiontypelist (id, attraction_id, attraction_type_id) VALUES (19, 7, 1);
INSERT INTO db_springproject.attractiontypelist (id, attraction_id, attraction_type_id) VALUES (20, 7, 2);
INSERT INTO db_springproject.attractiontypelist (id, attraction_id, attraction_type_id) VALUES (21, 7, 3);
INSERT INTO db_springproject.attractiontypelist (id, attraction_id, attraction_type_id) VALUES (22, 8, 1);
INSERT INTO db_springproject.attractiontypelist (id, attraction_id, attraction_type_id) VALUES (23, 8, 3);
INSERT INTO db_springproject.attractiontypelist (id, attraction_id, attraction_type_id) VALUES (24, 8, 5);
INSERT INTO db_springproject.attractiontypelist (id, attraction_id, attraction_type_id) VALUES (25, 9, 3);
INSERT INTO db_springproject.attractiontypelist (id, attraction_id, attraction_type_id) VALUES (26, 9, 4);
INSERT INTO db_springproject.attractiontypelist (id, attraction_id, attraction_type_id) VALUES (27, 9, 6);
INSERT INTO db_springproject.attractiontypelist (id, attraction_id, attraction_type_id) VALUES (28, 10, 4);
INSERT INTO db_springproject.attractiontypelist (id, attraction_id, attraction_type_id) VALUES (29, 10, 6);
INSERT INTO db_springproject.attractiontypelist (id, attraction_id, attraction_type_id) VALUES (30, 10, 7);
INSERT INTO db_springproject.attractiontypelist (id, attraction_id, attraction_type_id) VALUES (31, 11, 4);
INSERT INTO db_springproject.attractiontypelist (id, attraction_id, attraction_type_id) VALUES (32, 11, 5);
INSERT INTO db_springproject.attractiontypelist (id, attraction_id, attraction_type_id) VALUES (33, 11, 8);
INSERT INTO db_springproject.attractiontypelist (id, attraction_id, attraction_type_id) VALUES (34, 12, 3);
INSERT INTO db_springproject.attractiontypelist (id, attraction_id, attraction_type_id) VALUES (35, 12, 6);
INSERT INTO db_springproject.attractiontypelist (id, attraction_id, attraction_type_id) VALUES (36, 12, 8);
INSERT INTO db_springproject.attractiontypelist (id, attraction_id, attraction_type_id) VALUES (40, 13, 3);
INSERT INTO db_springproject.attractiontypelist (id, attraction_id, attraction_type_id) VALUES (41, 13, 4);
INSERT INTO db_springproject.attractiontypelist (id, attraction_id, attraction_type_id) VALUES (42, 13, 5);
INSERT INTO db_springproject.attractiontypelist (id, attraction_id, attraction_type_id) VALUES (43, 14, 4);
INSERT INTO db_springproject.attractiontypelist (id, attraction_id, attraction_type_id) VALUES (44, 14, 5);
INSERT INTO db_springproject.attractiontypelist (id, attraction_id, attraction_type_id) VALUES (45, 14, 6);
